{"C0ModelHalvorsenA513": [0.13336080477739862, 0.10624110945410414, 0.07798576057802152, 0.1332011559004791, 0.06032384970622003, 0.0981925045810748, 0.07039652182723503, 0.08301813791873315, 0.07780814677180402, 0.11985173019146264], "C0ModelLorenzA51": [0.15056089571667353, 0.1894748756180691, 0.15495704207647581, 0.15919329318349715, 0.1846263307174736, 0.20554874266776432, 0.1878209706951469, 0.1713681660610328, 0.16987525970383352, 0.16781830696765235], "C0ModelRoslerA52": [0.05254800242670745, 0.0700227131956329, 0.05831163388434882, 0.05002369685932648, 0.06487191744682269, 0.06469395241878283, 0.048648395202007824, 0.05978129040332141, 0.05706788775041947, 0.0455845097606734], "C0ModelRucklideA515": [0.09373350438038945, 0.05651934855488775, 0.07125332391848718, 0.105632902419738, 0.07813741378486305, 0.046433311908609144, 0.06704050738486972, 0.13484461668702766, 0.07678490672216025, 0.06839897416645016], "C0ModelUedaA45": [0.07231273337392391, 0.09289278259703258, 0.16840943567128044, 0.09035637643233052, 0.10544395714400226, 0.05691721682709805, 0.08917228377576068, 0.062334691552173034, 0.05781677899443845, 0.06872968654532109], "C1LinearOscBooming01": [0.01521525023857717, 0.012816979812751463, 0.015705956252003626, 0.01046096819963734, 0.02540598992877973, 0.018990584161393615, 0.015768603646715968, 0.018234350835828073, 0.012032664967983069, 0.021994459357120674], "C1LinearOscFading01": [0.015359138066724197, 0.014455779990305315, 0.01622541685796074, 0.018046563495181522, 0.021386984095934543, 0.016783107692416893, 0.01569600105653923, 0.010893782904330383, 0.012957502960945545, 0.01573791018607676], "C1LinearOscFading02": [0.008727070202772585, 0.010066297812870724, 0.008916597497763707, 0.010962039081702764, 0.011994990021875238, 0.009192157623944295, 0.009961703340712013, 0.013922423544206902, 0.0106899709366783, 0.010627910224894125], "C1LinearOscillator01": [0.004210151296488489, 0.0069265804145504754, 0.0024657038134246875, 0.0016366319634257432, 0.0011501763664570686, 0.0063332701101889485, 0.001292818832621347, 0.0007803683220447275, 0.0016925294479193207, 0.0042259654989336955], "C1LinearOscillator02": [0.0002693634579730589, 0.00042235262008497645, 0.0002816440162632447, 0.0001404665867837209, 0.0003691529792023582, 0.00020541234661278977, 0.00019409911017754118, 0.00033925650899358455, 0.00028680272976614634, 0.00018772894742942437]}